Workbook

Sheet Dashboard
A1: Jack ve Tara Video Audit Tracker
A2: Instagram is the source of truth. Match videos by content, caption, hook, visual subject, and source URL, not by posting date.
A4: Metric | B4: Count | C4: Notes | E4: Platform | F4: Missing | G4: Needs Review | H4: Complete
A5: Instagram source videos inventoried | B5: =COUNTA('Instagram Source'!B5:B204) | C5: Rows with an Instagram URL in the source inventory. | E5: YouTube | F5: =COUNTIF('Master Match Matrix'!H5:H204,"Missing") | G5: =COUNTIF('Master Match Matrix'!H5:H204,"Needs Review") | H5: =COUNTIF('Master Match Matrix'!H5:H204,"Found Exact")
A6: Videos complete across all six non-Instagram platforms | B6: =COUNTIF('Master Match Matrix'!AG5:AG204,"Complete") | C6: Complete means every target platform is Found Exact or intentionally skipped. | E6: Facebook | F6: =COUNTIF('Master Match Matrix'!L5:L204,"Missing") | G6: =COUNTIF('Master Match Matrix'!L5:L204,"Needs Review") | H6: =COUNTIF('Master Match Matrix'!L5:L204,"Found Exact")
A7: Videos with at least one missing platform | B7: =COUNTIF('Master Match Matrix'!AF5:AF204,">0") | C7: Use Missing Upload Queue to plan repost work. | E7: TikTok | F7: =COUNTIF('Master Match Matrix'!P5:P204,"Missing") | G7: =COUNTIF('Master Match Matrix'!P5:P204,"Needs Review") | H7: =COUNTIF('Master Match Matrix'!P5:P204,"Found Exact")
A8: Raw platform observations logged | B8: =COUNTA('Platform Inventory'!D5:D504) | C8: Evidence rows gathered from each account. | E8: LinkedIn | F8: =COUNTIF('Master Match Matrix'!T5:T204,"Missing") | G8: =COUNTIF('Master Match Matrix'!T5:T204,"Needs Review") | H8: =COUNTIF('Master Match Matrix'!T5:T204,"Found Exact")
E9: Threads | F9: =COUNTIF('Master Match Matrix'!X5:X204,"Missing") | G9: =COUNTIF('Master Match Matrix'!X5:X204,"Needs Review") | H9: =COUNTIF('Master Match Matrix'!X5:X204,"Found Exact")
E10: X | F10: =COUNTIF('Master Match Matrix'!AB5:AB204,"Missing") | G10: =COUNTIF('Master Match Matrix'!AB5:AB204,"Needs Review") | H10: =COUNTIF('Master Match Matrix'!AB5:AB204,"Found Exact")
A12: Audit Rules
A13: 1. Instagram jack.ve.tara.remax is the source inventory. 2. Dates are context only and must not decide a match. 3. A match needs content similarity: topic, caption, visual subject, and/or downloaded file identity. 4. Confidence below 70% stays Needs Review. 5. Do not upload until the row is reviewed and the platform cell is Missing.

Sheet Instagram Source
A1: Instagram Source Inventory
A2: One row per Instagram source video. Fill this first from jack.ve.tara.remax.
A4: Audit ID | B4: Instagram URL | C4: IG post/reel date | D4: Caption / hook | E4: Topic | F4: Visual notes | G4: Duration | H4: Thumbnail / screenshot file | I4: Downloaded video file | J4: Content hash / filename clue | K4: Priority scope | L4: Source audit status | M4: Notes
A5: =IF(B5="","","IG-"&TEXT(ROW()-4,"000")) | K5: Baseline | L5: Not Started
A6: =IF(B6="","","IG-"&TEXT(ROW()-4,"000")) | K6: Baseline | L6: Not Started
A7: =IF(B7="","","IG-"&TEXT(ROW()-4,"000")) | K7: Baseline | L7: Not Started
A8: =IF(B8="","","IG-"&TEXT(ROW()-4,"000")) | K8: Baseline | L8: Not Started
A9: =IF(B9="","","IG-"&TEXT(ROW()-4,"000")) | K9: Baseline | L9: Not Started
A10: =IF(B10="","","IG-"&TEXT(ROW()-4,"000")) | K10: Baseline | L10: Not Started
A11: =IF(B11="","","IG-"&TEXT(ROW()-4,"000")) | K11: Baseline | L11: Not Started
A12: =IF(B12="","","IG-"&TEXT(ROW()-4,"000")) | K12: Baseline | L12: Not Started
A13: =IF(B13="","","IG-"&TEXT(ROW()-4,"000")) | K13: Baseline | L13: Not Started
A14: =IF(B14="","","IG-"&TEXT(ROW()-4,"000")) | K14: Baseline | L14: Not Started
A15: =IF(B15="","","IG-"&TEXT(ROW()-4,"000")) | K15: Baseline | L15: Not Started
A16: =IF(B16="","","IG-"&TEXT(ROW()-4,"000")) | K16: Baseline | L16: Not Started
... A204: =IF(B204="","","IG-"&TEXT(ROW()-4,"000")) | K204: Baseline | L204: Not Started

Sheet Master Match Matrix
A1: Master Match Matrix
A2: This is the working source of truth for what is missing. Platform statuses should be based on content matches, not dates.
A4: Audit ID | B4: Instagram URL | C4: Caption / hook | D4: Topic | E4: Visual notes | F4: Priority scope | G4: IG downloaded file | H4: YouTube status | I4: YouTube URL | J4: YT confidence | K4: YT notes | L4: Facebook status | M4: Facebook URL | N4: FB confidence | O4: FB notes | P4: TikTok status | Q4: TikTok URL | R4: TT confidence | S4: TT notes | T4: LinkedIn status | U4: LinkedIn URL | V4: LI confidence | W4: LI notes | X4: Threads status | Y4: Threads URL | Z4: TH confidence | AA4: TH notes | AB4: X status | AC4: X URL | AD4: X confidence | AE4: X notes | AF4: Missing count | AG4: Overall action | AH4: Owner | AI4: Priority | AJ4: Final notes
A5: ='Instagram Source'!A5 | B5: ='Instagram Source'!B5 | C5: ='Instagram Source'!D5 | D5: ='Instagram Source'!E5 | E5: ='Instagram Source'!F5 | F5: ='Instagram Source'!K5 | G5: ='Instagram Source'!I5 | H5: Not Started | L5: Not Started | P5: Not Started | T5: Not Started | X5: Not Started | AB5: Not Started | AF5: =IF(A5="","",COUNTIF(H5,"Missing")+COUNTIF(L5,"Missing")+COUNTIF(P5,"Missing")+COUNTIF(T5,"Missing")+COUNTIF(X5,"Missing")+COUNTIF(AB5,"Missing")) | AG5: =IF(A5="","",IF(COUNTIF(H5,"Not Started")+COUNTIF(L5,"Not Started")+COUNTIF(P5,"Not Started")+COUNTIF(T5,"Not Started")+COUNTIF(X5,"Not Started")+COUNTIF(AB5,"Not Started")>0,"Audit pending",IF(AF5=0,"Complete",IF(AF5=6,"Post everywhere except Instagram","Post missing platforms")))) | AI5: Medium
A6: ='Instagram Source'!A6 | B6: ='Instagram Source'!B6 | C6: ='Instagram Source'!D6 | D6: ='Instagram Source'!E6 | E6: ='Instagram Source'!F6 | F6: ='Instagram Source'!K6 | G6: ='Instagram Source'!I6 | H6: Not Started | L6: Not Started | P6: Not Started | T6: Not Started | X6: Not Started | AB6: Not Started | AF6: =IF(A6="","",COUNTIF(H6,"Missing")+COUNTIF(L6,"Missing")+COUNTIF(P6,"Missing")+COUNTIF(T6,"Missing")+COUNTIF(X6,"Missing")+COUNTIF(AB6,"Missing")) | AG6: =IF(A6="","",IF(COUNTIF(H6,"Not Started")+COUNTIF(L6,"Not Started")+COUNTIF(P6,"Not Started")+COUNTIF(T6,"Not Started")+COUNTIF(X6,"Not Started")+COUNTIF(AB6,"Not Started")>0,"Audit pending",IF(AF6=0,"Complete",IF(AF6=6,"Post everywhere except Instagram","Post missing platforms")))) | AI6: Medium
A7: ='Instagram Source'!A7 | B7: ='Instagram Source'!B7 | C7: ='Instagram Source'!D7 | D7: ='Instagram Source'!E7 | E7: ='Instagram Source'!F7 | F7: ='Instagram Source'!K7 | G7: ='Instagram Source'!I7 | H7: Not Started | L7: Not Started | P7: Not Started | T7: Not Started | X7: Not Started | AB7: Not Started | AF7: =IF(A7="","",COUNTIF(H7,"Missing")+COUNTIF(L7,"Missing")+COUNTIF(P7,"Missing")+COUNTIF(T7,"Missing")+COUNTIF(X7,"Missing")+COUNTIF(AB7,"Missing")) | AG7: =IF(A7="","",IF(COUNTIF(H7,"Not Started")+COUNTIF(L7,"Not Started")+COUNTIF(P7,"Not Started")+COUNTIF(T7,"Not Started")+COUNTIF(X7,"Not Started")+COUNTIF(AB7,"Not Started")>0,"Audit pending",IF(AF7=0,"Complete",IF(AF7=6,"Post everywhere except Instagram","Post missing platforms")))) | AI7: Medium
A8: ='Instagram Source'!A8 | B8: ='Instagram Source'!B8 | C8: ='Instagram Source'!D8 | D8: ='Instagram Source'!E8 | E8: ='Instagram Source'!F8 | F8: ='Instagram Source'!K8 | G8: ='Instagram Source'!I8 | H8: Not Started | L8: Not Started | P8: Not Started | T8: Not Started | X8: Not Started | AB8: Not Started | AF8: =IF(A8="","",COUNTIF(H8,"Missing")+COUNTIF(L8,"Missing")+COUNTIF(P8,"Missing")+COUNTIF(T8,"Missing")+COUNTIF(X8,"Missing")+COUNTIF(AB8,"Missing")) | AG8: =IF(A8="","",IF(COUNTIF(H8,"Not Started")+COUNTIF(L8,"Not Started")+COUNTIF(P8,"Not Started")+COUNTIF(T8,"Not Started")+COUNTIF(X8,"Not Started")+COUNTIF(AB8,"Not Started")>0,"Audit pending",IF(AF8=0,"Complete",IF(AF8=6,"Post everywhere except Instagram","Post missing platforms")))) | AI8: Medium
A9: ='Instagram Source'!A9 | B9: ='Instagram Source'!B9 | C9: ='Instagram Source'!D9 | D9: ='Instagram Source'!E9 | E9: ='Instagram Source'!F9 | F9: ='Instagram Source'!K9 | G9: ='Instagram Source'!I9 | H9: Not Started | L9: Not Started | P9: Not Started | T9: Not Started | X9: Not Started | AB9: Not Started | AF9: =IF(A9="","",COUNTIF(H9,"Missing")+COUNTIF(L9,"Missing")+COUNTIF(P9,"Missing")+COUNTIF(T9,"Missing")+COUNTIF(X9,"Missing")+COUNTIF(AB9,"Missing")) | AG9: =IF(A9="","",IF(COUNTIF(H9,"Not Started")+COUNTIF(L9,"Not Started")+COUNTIF(P9,"Not Started")+COUNTIF(T9,"Not Started")+COUNTIF(X9,"Not Started")+COUNTIF(AB9,"Not Started")>0,"Audit pending",IF(AF9=0,"Complete",IF(AF9=6,"Post everywhere except Instagram","Post missing platforms")))) | AI9: Medium
A10: ='Instagram Source'!A10 | B10: ='Instagram Source'!B10 | C10: ='Instagram Source'!D10 | D10: ='Instagram Source'!E10 | E10: ='Instagram Source'!F10 | F10: ='Instagram Source'!K10 | G10: ='Instagram Source'!I10 | H10: Not Started | L10: Not Started | P10: Not Started | T10: Not Started | X10: Not Started | AB10: Not Started | AF10: =IF(A10="","",COUNTIF(H10,"Missing")+COUNTIF(L10,"Missing")+COUNTIF(P10,"Missing")+COUNTIF(T10,"Missing")+COUNTIF(X10,"Missing")+COUNTIF(AB10,"Missing")) | AG10: =IF(A10="","",IF(COUNTIF(H10,"Not Started")+COUNTIF(L10,"Not Started")+COUNTIF(P10,"Not Started")+COUNTIF(T10,"Not Started")+COUNTIF(X10,"Not Started")+COUNTIF(AB10,"Not Started")>0,"Audit pending",IF(AF10=0,"Complete",IF(AF10=6,"Post everywhere except Instagram","Post missing platforms")))) | AI10: Medium
A11: ='Instagram Source'!A11 | B11: ='Instagram Source'!B11 | C11: ='Instagram Source'!D11 | D11: ='Instagram Source'!E11 | E11: ='Instagram Source'!F11 | F11: ='Instagram Source'!K11 | G11: ='Instagram Source'!I11 | H11: Not Started | L11: Not Started | P11: Not Started | T11: Not Started | X11: Not Started | AB11: Not Started | AF11: =IF(A11="","",COUNTIF(H11,"Missing")+COUNTIF(L11,"Missing")+COUNTIF(P11,"Missing")+COUNTIF(T11,"Missing")+COUNTIF(X11,"Missing")+COUNTIF(AB11,"Missing")) | AG11: =IF(A11="","",IF(COUNTIF(H11,"Not Started")+COUNTIF(L11,"Not Started")+COUNTIF(P11,"Not Started")+COUNTIF(T11,"Not Started")+COUNTIF(X11,"Not Started")+COUNTIF(AB11,"Not Started")>0,"Audit pending",IF(AF11=0,"Complete",IF(AF11=6,"Post everywhere except Instagram","Post missing platforms")))) | AI11: Medium
A12: ='Instagram Source'!A12 | B12: ='Instagram Source'!B12 | C12: ='Instagram Source'!D12 | D12: ='Instagram Source'!E12 | E12: ='Instagram Source'!F12 | F12: ='Instagram Source'!K12 | G12: ='Instagram Source'!I12 | H12: Not Started | L12: Not Started | P12: Not Started | T12: Not Started | X12: Not Started | AB12: Not Started | AF12: =IF(A12="","",COUNTIF(H12,"Missing")+COUNTIF(L12,"Missing")+COUNTIF(P12,"Missing")+COUNTIF(T12,"Missing")+COUNTIF(X12,"Missing")+COUNTIF(AB12,"Missing")) | AG12: =IF(A12="","",IF(COUNTIF(H12,"Not Started")+COUNTIF(L12,"Not Started")+COUNTIF(P12,"Not Started")+COUNTIF(T12,"Not Started")+COUNTIF(X12,"Not Started")+COUNTIF(AB12,"Not Started")>0,"Audit pending",IF(AF12=0,"Complete",IF(AF12=6,"Post everywhere except Instagram","Post missing platforms")))) | AI12: Medium
A13: ='Instagram Source'!A13 | B13: ='Instagram Source'!B13 | C13: ='Instagram Source'!D13 | D13: ='Instagram Source'!E13 | E13: ='Instagram Source'!F13 | F13: ='Instagram Source'!K13 | G13: ='Instagram Source'!I13 | H13: Not Started | L13: Not Started | P13: Not Started | T13: Not Started | X13: Not Started | AB13: Not Started | AF13: =IF(A13="","",COUNTIF(H13,"Missing")+COUNTIF(L13,"Missing")+COUNTIF(P13,"Missing")+COUNTIF(T13,"Missing")+COUNTIF(X13,"Missing")+COUNTIF(AB13,"Missing")) | AG13: =IF(A13="","",IF(COUNTIF(H13,"Not Started")+COUNTIF(L13,"Not Started")+COUNTIF(P13,"Not Started")+COUNTIF(T13,"Not Started")+COUNTIF(X13,"Not Started")+COUNTIF(AB13,"Not Started")>0,"Audit pending",IF(AF13=0,"Complete",IF(AF13=6,"Post everywhere except Instagram","Post missing platforms")))) | AI13: Medium
A14: ='Instagram Source'!A14 | B14: ='Instagram Source'!B14 | C14: ='Instagram Source'!D14 | D14: ='Instagram Source'!E14 | E14: ='Instagram Source'!F14 | F14: ='Instagram Source'!K14 | G14: ='Instagram Source'!I14 | H14: Not Started | L14: Not Started | P14: Not Started | T14: Not Started | X14: Not Started | AB14: Not Started | AF14: =IF(A14="","",COUNTIF(H14,"Missing")+COUNTIF(L14,"Missing")+COUNTIF(P14,"Missing")+COUNTIF(T14,"Missing")+COUNTIF(X14,"Missing")+COUNTIF(AB14,"Missing")) | AG14: =IF(A14="","",IF(COUNTIF(H14,"Not Started")+COUNTIF(L14,"Not Started")+COUNTIF(P14,"Not Started")+COUNTIF(T14,"Not Started")+COUNTIF(X14,"Not Started")+COUNTIF(AB14,"Not Started")>0,"Audit pending",IF(AF14=0,"Complete",IF(AF14=6,"Post everywhere except Instagram","Post missing platforms")))) | AI14: Medium
A15: ='Instagram Source'!A15 | B15: ='Instagram Source'!B15 | C15: ='Instagram Source'!D15 | D15: ='Instagram Source'!E15 | E15: ='Instagram Source'!F15 | F15: ='Instagram Source'!K15 | G15: ='Instagram Source'!I15 | H15: Not Started | L15: Not Started | P15: Not Started | T15: Not Started | X15: Not Started | AB15: Not Started | AF15: =IF(A15="","",COUNTIF(H15,"Missing")+COUNTIF(L15,"Missing")+COUNTIF(P15,"Missing")+COUNTIF(T15,"Missing")+COUNTIF(X15,"Missing")+COUNTIF(AB15,"Missing")) | AG15: =IF(A15="","",IF(COUNTIF(H15,"Not Started")+COUNTIF(L15,"Not Started")+COUNTIF(P15,"Not Started")+COUNTIF(T15,"Not Started")+COUNTIF(X15,"Not Started")+COUNTIF(AB15,"Not Started")>0,"Audit pending",IF(AF15=0,"Complete",IF(AF15=6,"Post everywhere except Instagram","Post missing platforms")))) | AI15: Medium
A16: ='Instagram Source'!A16 | B16: ='Instagram Source'!B16 | C16: ='Instagram Source'!D16 | D16: ='Instagram Source'!E16 | E16: ='Instagram Source'!F16 | F16: ='Instagram Source'!K16 | G16: ='Instagram Source'!I16 | H16: Not Started | L16: Not Started | P16: Not Started | T16: Not Started | X16: Not Started | AB16: Not Started | AF16: =IF(A16="","",COUNTIF(H16,"Missing")+COUNTIF(L16,"Missing")+COUNTIF(P16,"Missing")+COUNTIF(T16,"Missing")+COUNTIF(X16,"Missing")+COUNTIF(AB16,"Missing")) | AG16: =IF(A16="","",IF(COUNTIF(H16,"Not Started")+COUNTIF(L16,"Not Started")+COUNTIF(P16,"Not Started")+COUNTIF(T16,"Not Started")+COUNTIF(X16,"Not Started")+COUNTIF(AB16,"Not Started")>0,"Audit pending",IF(AF16=0,"Complete",IF(AF16=6,"Post everywhere except Instagram","Post missing platforms")))) | AI16: Medium
... A204: ='Instagram Source'!A204 | B204: ='Instagram Source'!B204 | C204: ='Instagram Source'!D204 | D204: ='Instagram Source'!E204 | E204: ='Instagram Source'!F204 | F204: ='Instagram Source'!K204 | G204: ='Instagram Source'!I204 | H204: Not Started | L204: Not Started | P204: Not Started | T204: Not Started | X204: Not Started | AB204: Not Started | AF204: =IF(A204="","",COUNTIF(H204,"Missing")+COUNTIF(L204,"Missing")+COUNTIF(P204,"Missing")+COUNTIF(T204,"Missing")+COUNTIF(X204,"Missing")+COUNTIF(AB204,"Missing")) | AG204: =IF(A204="","",IF(COUNTIF(H204,"Not Started")+COUNTIF(L204,"Not Started")+COUNTIF(P204,"Not Started")+COUNTIF(T204,"Not Started")+COUNTIF(X204,"Not Started")+COUNTIF(AB204,"Not Started")>0,"Audit pending",IF(AF204=0,"Complete",IF(AF204=6,"Post everywhere except Instagram","Post missing platforms")))) | AI204: Medium

Sheet Platform Inventory
A1: Platform Inventory
A2: Raw observations from YouTube, Facebook, TikTok, LinkedIn, Threads, and X. Keep all evidence here before changing the master status.
A4: Observation ID | B4: Platform | C4: Account URL | D4: Post URL | E4: Observed title/caption | F4: Observed topic | G4: Visual notes | H4: Observed post date | I4: Matched Audit ID | J4: Match confidence | K4: Duplicate risk | L4: Evidence notes | M4: Screenshot file
A5: OBS-001
A6: OBS-002
A7: OBS-003
A8: OBS-004
A9: OBS-005
A10: OBS-006
A11: OBS-007
A12: OBS-008
A13: OBS-009
A14: OBS-010
A15: OBS-011
A16: OBS-012
... A504: OBS-500

Sheet Missing Upload Queue
A1: Missing Upload Queue
A2: Add one row per missing platform only after the master matrix marks that platform Missing. This is the execution queue for catch-up posting.
A4: Queue ID | B4: Audit ID | C4: Platform to update | D4: Instagram URL | E4: Caption / hook | F4: Topic | G4: Video file | H4: Caption source | I4: Ready to upload? | J4: Uploaded URL | K4: Posted date | L4: Publish status | M4: Notes
A5: Q-001 | H5: Instagram caption | I5: No | L5: Not Started
A6: Q-002 | H6: Instagram caption | I6: No | L6: Not Started
A7: Q-003 | H7: Instagram caption | I7: No | L7: Not Started
A8: Q-004 | H8: Instagram caption | I8: No | L8: Not Started
A9: Q-005 | H9: Instagram caption | I9: No | L9: Not Started
A10: Q-006 | H10: Instagram caption | I10: No | L10: Not Started
A11: Q-007 | H11: Instagram caption | I11: No | L11: Not Started
A12: Q-008 | H12: Instagram caption | I12: No | L12: Not Started
A13: Q-009 | H13: Instagram caption | I13: No | L13: Not Started
A14: Q-010 | H14: Instagram caption | I14: No | L14: Not Started
A15: Q-011 | H15: Instagram caption | I15: No | L15: Not Started
A16: Q-012 | H16: Instagram caption | I16: No | L16: Not Started
... A404: Q-400 | H404: Instagram caption | I404: No | L404: Not Started

Sheet Lookup Lists
A1: Lookup Lists
A2: Statuses | B2: Platforms | C2: Priority scope | D2: Ready? | E2: Publish status | F2: Brand account | G2: URL / handle
A3: Not Started | B3: Instagram | C3: Baseline | D3: No | E3: Not Started | F3: YouTube | G3: https://www.youtube.com/@jackvetara
A4: Found Exact | B4: YouTube | C4: Catch-up later | D4: Yes | E4: Staged | F4: Instagram | G4: https://www.instagram.com/jack.ve.tara.remax
A5: Likely Match | B5: Facebook | C5: Archive only | D5: Needs Review | E5: Published | F5: LinkedIn | G5: https://www.linkedin.com/company/jackvetara
A6: Needs Review | B6: TikTok | C6: Do not post | E6: Skipped | F6: Facebook | G6: https://www.facebook.com/jack.ve.tara.remax
A7: Missing | B7: LinkedIn | F7: TikTok | G7: https://www.tiktok.com/@jack.ve.tara.remax
A8: Intentionally Skipped | B8: Threads | F8: Threads | G8: https://www.threads.net/@jack.ve.tara.remax
A9: Duplicate Risk | B9: X | F9: X | G9: https://x.com/jackvetara
